{"global_step": 0, "_timestamp": 1716984544.9582798, "_runtime": 1.7733359336853027, "_step": 0, "_wandb": {"runtime": 2}}