{"global_step": 0, "_timestamp": 1716950125.4736052, "_runtime": 1.6677350997924805, "_step": 0, "_wandb": {"runtime": 1}}