{"global_step": 683, "_timestamp": 1716907180.972972, "_runtime": 156.76444292068481, "_step": 11, "charts/episodic_return": 250.0, "charts/episodic_length": 245.0, "_wandb": {"runtime": 155}}