{"global_step": 0, "_timestamp": 1716950001.531481, "_runtime": 6.681359052658081, "_step": 0, "_wandb": {"runtime": 1}}