{"global_step": 0, "_timestamp": 1716906071.3384876, "_runtime": 1.853682518005371, "_step": 0, "_wandb": {"runtime": 19}}