{"global_step": 350, "_timestamp": 1716907834.9359312, "_runtime": 161.5346872806549, "_step": 6, "charts/episodic_return": 350.0, "charts/episodic_length": 274.0, "_wandb": {"runtime": 183}}