{"global_step": 14677, "_timestamp": 1716906496.987271, "_runtime": 22.08142113685608, "_step": 10, "charts/episodic_return": 0.0, "charts/episodic_length": 2451.0}