{"global_step": 0, "_timestamp": 1716950310.7007587, "_runtime": 6.567830801010132, "_step": 0, "_wandb": {"runtime": 21}}