{"global_step": 43, "_timestamp": 1716906578.5734332, "_runtime": 22.02322220802307, "_step": 1, "charts/episodic_return": 0.0, "charts/episodic_length": 189.0}