{"global_step": 6845, "_timestamp": 1716906530.275411, "_runtime": 14.34551191329956, "_step": 7, "charts/episodic_return": 0.0, "charts/episodic_length": 7514.0, "_wandb": {"runtime": 16}}