{"global_step": 0, "_timestamp": 1716984572.0284634, "_runtime": 1.5870144367218018, "_step": 0, "_wandb": {"runtime": 2}}