{"global_step": 0, "_timestamp": 1716906362.9308252, "_runtime": 7.026573181152344, "_step": 0, "_wandb": {"runtime": 19}}